address,id,seen
1A1zP1eP5QGefi2DMPTfTL5SLmv7DivfNa,A1001,2026-05-04
1F1tAaz5x1HUXrCNLbtMDqcw6o5GNn4xqX,A1002,2026-05-04
1HB5XMLmzFVj8ALj6mfBsbifRoD4miY36v,A1003,2026-05-05
1FeexV6bAHb8ybZjqQMjJrcCrHGW9sb6uF,A1004,2026-05-05
1NDyJtNTjmwk5xPNhjgAMu4HDHigtobu1s,A1006,2026-05-06
3D2oetdNuZUqQHPJmcMDDHYoqkyNVsFk9r,A1007,2026-05-06
bc1qa5wkgaew2dkv56kfvj49j0av5nml45x9ek9hz6,A1008,2026-05-07
1JzSZFs2DQke2B3S4pBxaNaMzzVZaG4Cqh,A1009,2026-05-08
1BvBMSEYstWetqTFn5Au4m4GFg7xJaNVN2,A1010,2026-05-08
1PWo3JeB9jrGwfHDNpdGK54CRas7fsVzXU,A1011,2026-05-09
